{
  "alpha": 0.20580836121681995,
  "beta": 0.4464704583099741,
  "gamma": 0.7601115011743209
}