{"cpu_time": 0.0, "wallclock_time": 0.014292716979980469, "evaluations": 0, "cost": 2147483648.0, "incumbent": {"alpha": 4.4498961297473776e-07, "batch_size": 9, "depth": 2, "learning_rate_init": 0.07588423520283567}, "budget": 0, "origin": "Sobol"}
{"cpu_time": 0.8461635112762451, "wallclock_time": 0.8621375560760498, "evaluations": 1, "cost": 0.2377, "incumbent": {"alpha": 4.4498961297473776e-07, "batch_size": 9, "depth": 2, "learning_rate_init": 0.07588423520283567}, "budget": 0, "origin": "Sobol"}
{"cpu_time": 2.7082388401031494, "wallclock_time": 2.726870536804199, "evaluations": 2, "cost": 0.2332, "incumbent": {"alpha": 0.000428749578015224, "batch_size": 179, "depth": 1, "learning_rate_init": 9.422457170983046e-05}, "budget": 0, "origin": "Sobol"}
{"cpu_time": 3.8037028312683105, "wallclock_time": 3.825556755065918, "evaluations": 3, "cost": 0.1928, "incumbent": {"alpha": 0.001, "batch_size": 32, "depth": 3, "learning_rate_init": 0.001}, "budget": 0, "origin": null}
{"cpu_time": 8.472034931182861, "wallclock_time": 12.39444351196289, "evaluations": 8, "cost": 0.1839, "incumbent": {"alpha": 0.0008612265640386959, "batch_size": 33, "depth": 3, "learning_rate_init": 0.0009831939064303026}, "budget": 0, "origin": "Local Search"}
{"cpu_time": 10.864734172821045, "wallclock_time": 14.790328025817871, "evaluations": 9, "cost": 0.1749, "incumbent": {"alpha": 0.0008470216720792118, "batch_size": 31, "depth": 3, "learning_rate_init": 0.0010181930537862172}, "budget": 0, "origin": "Local Search"}
{"cpu_time": 13.174609184265137, "wallclock_time": 17.103400230407715, "evaluations": 10, "cost": 0.148, "incumbent": {"alpha": 0.0008625377550162981, "batch_size": 33, "depth": 3, "learning_rate_init": 0.0009794856890503066}, "budget": 0, "origin": "Local Search"}
