{
    "73021c4e": {
        "alpha": 0.2374540118847,
        "beta": 0.480285722564,
        "gamma": 0.7731993941811
    },
    "fba3d319": {
        "alpha": 0.2598658484197,
        "beta": 0.162407456177,
        "gamma": 0.7155994520336
    },
    "4015af5d": {
        "alpha": 0.2058083612168,
        "beta": 0.44647045831,
        "gamma": 0.7601115011743
    }
}