{
    "76cc4f99": {
        "lr": 0.0380794717659,
        "momentum": 0.7704285838459
    },
    "723c8f80": {
        "lr": 0.0164458454038,
        "momentum": 0.2935967122017
    },
    "d7b06def": {
        "lr": 0.0734674002393,
        "momentum": 0.5591950905182
    }
}