{
  "alpha": 0.25986584841970367,
  "beta": 0.1624074561769746,
  "gamma": 0.7155994520336202
}