{
  "stats": {
    "submitted": 20,
    "finished": 20,
    "running": 0
  },
  "data": [
    [
      1,
      null,
      1608637542,
      null,
      0.7306607861343237,
      0.14453840255737305,
      1,
      1675267866.2023327,
      1675267866.3471386,
      {}
    ],
    [
      2,
      null,
      1608637542,
      null,
      0.8992788610337357,
      0.22085833549499512,
      1,
      1675267866.34842,
      1675267866.569698,
      {}
    ],
    [
      3,
      null,
      1608637542,
      null,
      0.13244661095636023,
      0.17581939697265625,
      1,
      1675267866.5706506,
      1675267866.7467487,
      {}
    ],
    [
      4,
      null,
      1608637542,
      null,
      0.08292169606932842,
      0.15298795700073242,
      1,
      1675267866.7478306,
      1675267866.9010708,
      {}
    ],
    [
      5,
      null,
      1608637542,
      null,
      0.2309393376663571,
      0.15882349014282227,
      1,
      1675267866.9022505,
      1675267867.0613265,
      {}
    ],
    [
      6,
      null,
      1608637542,
      null,
      0.10517796347879926,
      0.15322351455688477,
      1,
      1675267867.0984747,
      1675267867.2519503,
      {}
    ],
    [
      7,
      null,
      1608637542,
      null,
      0.10517641597028793,
      0.1476600170135498,
      1,
      1675267867.2943707,
      1675267867.4423504,
      {}
    ],
    [
      8,
      null,
      1608637542,
      null,
      0.6573057876818322,
      0.13753890991210938,
      1,
      1675267867.4876344,
      1675267867.6254103,
      {}
    ],
    [
      9,
      null,
      1608637542,
      null,
      0.08013463324048276,
      0.14573884010314941,
      1,
      1675267867.674819,
      1675267867.8207934,
      {}
    ],
    [
      10,
      null,
      1608637542,
      null,
      0.08904209223150727,
      0.14628100395202637,
      1,
      1675267867.877981,
      1675267868.0245023,
      {}
    ],
    [
      11,
      null,
      1608637542,
      null,
      0.08459145775301757,
      0.14598822593688965,
      1,
      1675267868.0827913,
      1675267868.2290182,
      {}
    ],
    [
      12,
      null,
      1608637542,
      null,
      0.08959300526152902,
      0.14993572235107422,
      1,
      1675267868.2842126,
      1675267868.4343808,
      {}
    ],
    [
      13,
      null,
      1608637542,
      null,
      0.08348189415041785,
      0.14649033546447754,
      1,
      1675267868.4947956,
      1675267868.6415212,
      {}
    ],
    [
      14,
      null,
      1608637542,
      null,
      0.599071494893222,
      0.13425731658935547,
      1,
      1675267868.7006018,
      1675267868.8351457,
      {}
    ],
    [
      15,
      null,
      1608637542,
      null,
      0.08625193438563916,
      0.14895153045654297,
      1,
      1675267868.903349,
      1675267869.0525494,
      {}
    ],
    [
      16,
      null,
      1608637542,
      null,
      0.09236768802228412,
      0.1549825668334961,
      1,
      1675267869.1201596,
      1675267869.275373,
      {}
    ],
    [
      17,
      null,
      1608637542,
      null,
      0.12465800061900334,
      0.2124028205871582,
      1,
      1675267869.2782862,
      1675267869.4909694,
      {}
    ],
    [
      18,
      null,
      1608637542,
      null,
      0.5508588672237698,
      0.16347074508666992,
      1,
      1675267869.4940805,
      1675267869.6578,
      {}
    ],
    [
      19,
      null,
      1608637542,
      null,
      0.09572113896626444,
      0.24840068817138672,
      1,
      1675267869.6610472,
      1675267869.9097354,
      {}
    ],
    [
      20,
      null,
      1608637542,
      null,
      0.09460074280408537,
      0.14640188217163086,
      1,
      1675267869.9836187,
      1675267870.1302578,
      {}
    ]
  ],
  "configs": {
    "1": {
      "batch_size": 245,
      "learning_rate_init": 0.0001715064816787507
    },
    "2": {
      "batch_size": 53,
      "learning_rate_init": 0.6835772779366502
    },
    "3": {
      "batch_size": 148,
      "learning_rate_init": 0.0034856386716425915
    },
    "4": {
      "batch_size": 214,
      "learning_rate_init": 0.02471966193920426
    },
    "5": {
      "batch_size": 193,
      "learning_rate_init": 0.001993316031155737
    },
    "6": {
      "batch_size": 213,
      "learning_rate_init": 0.03851385283901737
    },
    "7": {
      "batch_size": 261,
      "learning_rate_init": 0.02142180529560506
    },
    "8": {
      "batch_size": 252,
      "learning_rate_init": 0.3596010754785061
    },
    "9": {
      "batch_size": 214,
      "learning_rate_init": 0.023891610917911043
    },
    "10": {
      "batch_size": 217,
      "learning_rate_init": 0.02360162854476836
    },
    "11": {
      "batch_size": 215,
      "learning_rate_init": 0.0239690245976593
    },
    "12": {
      "batch_size": 215,
      "learning_rate_init": 0.023847468284160785
    },
    "13": {
      "batch_size": 214,
      "learning_rate_init": 0.0239690245976593
    },
    "14": {
      "batch_size": 214,
      "learning_rate_init": 0.19705577567502408
    },
    "15": {
      "batch_size": 214,
      "learning_rate_init": 0.023650797065595686
    },
    "16": {
      "batch_size": 193,
      "learning_rate_init": 0.023891610917911043
    },
    "17": {
      "batch_size": 109,
      "learning_rate_init": 0.002920433847181412
    },
    "18": {
      "batch_size": 153,
      "learning_rate_init": 0.13826232179369857
    },
    "19": {
      "batch_size": 84,
      "learning_rate_init": 0.011400863701127324
    },
    "20": {
      "batch_size": 234,
      "learning_rate_init": 0.023891610917911043
    }
  },
  "config_origins": {
    "1": "Sobol Initial Design",
    "2": "Sobol Initial Design",
    "3": "Sobol Initial Design",
    "4": "Sobol Initial Design",
    "5": "Sobol Initial Design",
    "6": "Local Search",
    "7": "Local Search",
    "8": "Local Search",
    "9": "Local Search",
    "10": "Local Search",
    "11": "Local Search",
    "12": "Local Search",
    "13": "Local Search",
    "14": "Local Search",
    "15": "Local Search",
    "16": "Local Search",
    "17": "Random Search",
    "18": "Random Search",
    "19": "Random Search",
    "20": "Local Search"
  }
}