{
  "lr": 0.07346740023932911,
  "momentum": 0.559195090518222
}