{"cpu_time": 0.0, "wallclock_time": 0.0004019737243652344, "evaluations": 0, "cost": 2147483648, "incumbent": {"embedding_dim": 3, "learning_rate_init": 0.00796119689476435, "lossweight1": 9.622579455491673, "lossweight2": 8.25438883092133, "lossweight3": 3.189185945847238, "lossweight4": 0.5876915779574832, "n_compettitors": 13, "repellent_share": 0.6681600899843211}, "budget": 0, "origin": "Random initial design."}
{"cpu_time": 190.27919816970825, "wallclock_time": 190.28284072875977, "evaluations": 1, "cost": 0.2674673971329192, "incumbent": {"embedding_dim": 3, "learning_rate_init": 0.00796119689476435, "lossweight1": 9.622579455491673, "lossweight2": 8.25438883092133, "lossweight3": 3.189185945847238, "lossweight4": 0.5876915779574832, "n_compettitors": 13, "repellent_share": 0.6681600899843211}, "budget": 1111.111111111111, "origin": "Random initial design."}
{"cpu_time": 378.60861349105835, "wallclock_time": 378.61314868927, "evaluations": 2, "cost": 3.3306690738754696e-16, "incumbent": {"embedding_dim": 4, "learning_rate_init": 0.21823374752454325, "lossweight1": 2.4362917109223936, "lossweight2": 8.76393608869724, "lossweight3": 1.1630589200238917, "lossweight4": 8.162384477188166, "n_compettitors": 5, "repellent_share": 0.5111926934709009}, "budget": 1111.111111111111, "origin": "Random initial design."}
{"cpu_time": 2175.428291797638, "wallclock_time": 2175.438730239868, "evaluations": 10, "cost": 3.3306690738754696e-16, "incumbent": {"embedding_dim": 3, "learning_rate_init": 0.005231718830924858, "lossweight1": 1.0681768843137374, "lossweight2": 9.019193573757446, "lossweight3": 0.08317846338753321, "lossweight4": 9.695537589798189, "n_compettitors": 4, "repellent_share": 0.7362865847509711}, "budget": 3333.333333333333, "origin": "Random initial design."}
