{
  "lr": 0.016445845403801215,
  "momentum": 0.2935967122017216
}