{"cpu_time": 0.0, "wallclock_time": 0.0029764175415039062, "evaluations": 0, "cost": 2147483648.0, "incumbent": ["alpha='1.2232127597897913e-08'", "batch_size='43'", "depth='3'", "learning_rate_init='0.00039835220111110426'"], "origin": "Sobol"}
{"cpu_time": 1.8293960094451904, "wallclock_time": 1.8348524570465088, "evaluations": 1, "cost": 0.1839, "incumbent": ["alpha='1.2232127597897913e-08'", "batch_size='43'", "depth='3'", "learning_rate_init='0.00039835220111110426'"], "origin": "Sobol"}
{"cpu_time": 17.70501947402954, "wallclock_time": 17.73576068878174, "evaluations": 8, "cost": 0.157, "incumbent": ["alpha='1.0224006244980395e-07'", "batch_size='7'", "depth='3'", "learning_rate_init='0.0028396162844167407'"], "origin": "Sobol"}
{"cpu_time": 144.55035424232483, "wallclock_time": 215.35737824440002, "evaluations": 42, "cost": 0.1525, "incumbent": ["alpha='3.813696904079267e-07'", "batch_size='8'", "depth='3'", "learning_rate_init='0.001120427866732166'"], "origin": "Local Search"}
