{
    "0": {
        "num_neurons_layer1": 53,
        "num_neurons_layer2": 97,
        "learning_rate": 0.0020322854432411525
    },
    "1": {
        "num_neurons_layer1": 11,
        "num_neurons_layer2": 53,
        "learning_rate": 0.00011961308606153212
    },
    "2": {
        "num_neurons_layer1": 46,
        "num_neurons_layer2": 90,
        "learning_rate": 0.00445643353466089
    },
    "3": {
        "num_neurons_layer1": 14,
        "num_neurons_layer2": 37,
        "learning_rate": 0.0020228662931987577
    },
    "4": {
        "num_neurons_layer1": 17,
        "num_neurons_layer2": 59,
        "learning_rate": 0.0018243300267253295
    },
    "5": {
        "num_neurons_layer1": 62,
        "num_neurons_layer2": 46,
        "learning_rate": 0.0009795000511540245
    },
    "6": {
        "num_neurons_layer1": 26,
        "num_neurons_layer2": 46,
        "learning_rate": 0.00041109850943453377
    },
    "7": {
        "num_neurons_layer1": 15,
        "num_neurons_layer2": 79,
        "learning_rate": 0.0072079688155859
    },
    "8": {
        "num_neurons_layer1": 26,
        "num_neurons_layer2": 56,
        "learning_rate": 0.0007924356787008152
    },
    "9": {
        "num_neurons_layer1": 38,
        "num_neurons_layer2": 96,
        "learning_rate": 0.0006316577446325142
    },
    "10": {
        "num_neurons_layer1": 49,
        "num_neurons_layer2": 57,
        "learning_rate": 0.007301321938841095
    },
    "11": {
        "num_neurons_layer1": 24,
        "num_neurons_layer2": 12,
        "learning_rate": 0.003867464027059848
    },
    "12": {
        "num_neurons_layer1": 66,
        "num_neurons_layer2": 40,
        "learning_rate": 0.00025336104173214206
    },
    "13": {
        "num_neurons_layer1": 51,
        "num_neurons_layer2": 86,
        "learning_rate": 0.003473236559598501
    },
    "14": {
        "num_neurons_layer1": 53,
        "num_neurons_layer2": 44,
        "learning_rate": 0.0003575358516942409
    },
    "15": {
        "num_neurons_layer1": 42,
        "num_neurons_layer2": 7,
        "learning_rate": 0.02269893302563774
    },
    "16": {
        "num_neurons_layer1": 81,
        "num_neurons_layer2": 28,
        "learning_rate": 0.03646916988062455
    },
    "17": {
        "num_neurons_layer1": 60,
        "num_neurons_layer2": 11,
        "learning_rate": 0.0030388587370815154
    },
    "18": {
        "num_neurons_layer1": 20,
        "num_neurons_layer2": 100,
        "learning_rate": 0.03464850144870172
    },
    "19": {
        "num_neurons_layer1": 72,
        "num_neurons_layer2": 98,
        "learning_rate": 0.0001733550234287513
    }
}