{
  "lr": 0.07322619478695937,
  "momentum": 0.7394633936788146
}