{
  "lr": 0.03807947176588889,
  "momentum": 0.7704285838459498
}