{
  "stats": {
    "submitted": 20,
    "finished": 20,
    "running": 0
  },
  "data": [
    [
      1,
      null,
      209652396,
      null,
      0.2152466367713004,
      0.4098076820373535,
      1,
      1690360530.959197,
      1690360531.3694935,
      {}
    ],
    [
      2,
      null,
      209652396,
      null,
      0.21973094170403584,
      0.6484122276306152,
      1,
      1690360531.3729744,
      1690360532.0222294,
      {}
    ],
    [
      3,
      null,
      209652396,
      null,
      0.2017937219730942,
      0.4671182632446289,
      1,
      1690360532.0267406,
      1690360532.4950209,
      {}
    ],
    [
      4,
      null,
      209652396,
      null,
      0.27802690582959644,
      0.3085978031158447,
      1,
      1690360532.4991987,
      1690360532.8087454,
      {}
    ],
    [
      5,
      null,
      209652396,
      null,
      0.21973094170403584,
      0.5897579193115234,
      1,
      1690360532.813065,
      1690360533.4038782,
      {}
    ],
    [
      6,
      null,
      209652396,
      null,
      0.22421524663677128,
      0.37207555770874023,
      1,
      1690360534.5137265,
      1690360534.887168,
      {}
    ],
    [
      7,
      null,
      209652396,
      null,
      0.2152466367713004,
      0.6076929569244385,
      1,
      1690360535.94716,
      1690360536.5562074,
      {}
    ],
    [
      8,
      null,
      209652396,
      null,
      0.22421524663677128,
      1.7335963249206543,
      1,
      1690360538.08198,
      1690360539.8169,
      {}
    ],
    [
      9,
      null,
      209652396,
      null,
      0.24215246636771304,
      1.0968055725097656,
      1,
      1690360541.6490495,
      1690360542.747185,
      {}
    ],
    [
      10,
      null,
      209652396,
      null,
      0.22421524663677128,
      0.1683650016784668,
      1,
      1690360544.8017232,
      1690360544.9714606,
      {}
    ],
    [
      11,
      null,
      209652396,
      null,
      0.2017937219730942,
      0.4717090129852295,
      1,
      1690360546.8631155,
      1690360547.3361893,
      {}
    ],
    [
      12,
      null,
      209652396,
      null,
      0.18834080717488788,
      0.47559213638305664,
      1,
      1690360549.1919734,
      1690360549.6689253,
      {}
    ],
    [
      13,
      null,
      209652396,
      null,
      0.2017937219730942,
      0.18978381156921387,
      1,
      1690360551.6240847,
      1690360551.8152664,
      {}
    ],
    [
      14,
      null,
      209652396,
      null,
      0.2959641255605381,
      0.5107085704803467,
      1,
      1690360554.116717,
      1690360554.6287913,
      {}
    ],
    [
      15,
      null,
      209652396,
      null,
      0.2017937219730942,
      0.494844913482666,
      1,
      1690360556.5839927,
      1690360557.0808449,
      {}
    ],
    [
      16,
      null,
      209652396,
      null,
      0.19730941704035876,
      0.6355228424072266,
      1,
      1690360558.9201357,
      1690360559.557163,
      {}
    ],
    [
      17,
      null,
      209652396,
      null,
      0.22421524663677128,
      1.1496586799621582,
      1,
      1690360561.6966128,
      1690360562.84791,
      {}
    ],
    [
      18,
      null,
      209652396,
      null,
      0.19282511210762332,
      0.41286301612854004,
      1,
      1690360565.0738552,
      1690360565.4880743,
      {}
    ],
    [
      19,
      null,
      209652396,
      null,
      0.2152466367713004,
      2.2675769329071045,
      1,
      1690360567.4873357,
      1690360569.756216,
      {}
    ],
    [
      20,
      null,
      209652396,
      null,
      0.2017937219730942,
      4.918156385421753,
      1,
      1690360570.5246496,
      1690360575.443646,
      {}
    ]
  ],
  "configs": {
    "1": {
      "alpha": 1.3646716470095907e-06,
      "batch_size": 50,
      "depth": 1,
      "learning_rate_init": 0.0001145199593038774
    },
    "2": {
      "alpha": 0.07654259389007832,
      "batch_size": 10,
      "depth": 2,
      "learning_rate_init": 0.006273080002552674
    },
    "3": {
      "alpha": 0.0005027533412617669,
      "batch_size": 115,
      "depth": 1,
      "learning_rate_init": 0.00295471450409257
    },
    "4": {
      "alpha": 2.8225938907523333e-08,
      "batch_size": 23,
      "depth": 3,
      "learning_rate_init": 0.07857605977447317
    },
    "5": {
      "alpha": 2.463348962287325e-07,
      "batch_size": 248,
      "depth": 2,
      "learning_rate_init": 0.274920369938409
    },
    "6": {
      "alpha": 0.9950935912940565,
      "batch_size": 256,
      "depth": 1,
      "learning_rate_init": 0.47804577046836816
    },
    "7": {
      "alpha": 0.9957665018713285,
      "batch_size": 256,
      "depth": 1,
      "learning_rate_init": 0.0008817359962067657
    },
    "8": {
      "alpha": 0.005055854205768592,
      "batch_size": 14,
      "depth": 1,
      "learning_rate_init": 1.8619510973047076e-05
    },
    "9": {
      "alpha": 2.1503364289520362e-06,
      "batch_size": 204,
      "depth": 1,
      "learning_rate_init": 5.588383341582968e-05
    },
    "10": {
      "alpha": 2.800884208430205e-07,
      "batch_size": 111,
      "depth": 1,
      "learning_rate_init": 0.042189605131541526
    },
    "11": {
      "alpha": 0.032628210585064495,
      "batch_size": 117,
      "depth": 1,
      "learning_rate_init": 0.0006779572250491132
    },
    "12": {
      "alpha": 1.0565880304814365e-06,
      "batch_size": 118,
      "depth": 1,
      "learning_rate_init": 0.0037969172302121253
    },
    "13": {
      "alpha": 1.0009627946647301e-08,
      "batch_size": 120,
      "depth": 1,
      "learning_rate_init": 0.13550327231240164
    },
    "14": {
      "alpha": 4.172035443905602e-08,
      "batch_size": 118,
      "depth": 1,
      "learning_rate_init": 1.45601719008579e-05
    },
    "15": {
      "alpha": 4.5114221616599717e-07,
      "batch_size": 74,
      "depth": 1,
      "learning_rate_init": 0.001288842472416589
    },
    "16": {
      "alpha": 5.180216503952812e-07,
      "batch_size": 8,
      "depth": 1,
      "learning_rate_init": 0.004129298903325028
    },
    "17": {
      "alpha": 1.0076720776449232e-08,
      "batch_size": 256,
      "depth": 1,
      "learning_rate_init": 0.004221358760173003
    },
    "18": {
      "alpha": 6.556390767650093e-06,
      "batch_size": 62,
      "depth": 1,
      "learning_rate_init": 0.0031313527219933033
    },
    "19": {
      "alpha": 0.00017085963917909294,
      "batch_size": 9,
      "depth": 1,
      "learning_rate_init": 0.00039970375975263136
    },
    "20": {
      "alpha": 0.0016782884421133657,
      "batch_size": 10,
      "depth": 2,
      "learning_rate_init": 0.00016677385206563238
    }
  },
  "config_origins": {
    "1": "Initial Design: Sobol",
    "2": "Initial Design: Sobol",
    "3": "Initial Design: Sobol",
    "4": "Initial Design: Sobol",
    "5": "Initial Design: Sobol",
    "6": "Acquisition Function Maximizer: Local Search",
    "7": "Acquisition Function Maximizer: Local Search",
    "8": "Acquisition Function Maximizer: Local Search",
    "9": "Acquisition Function Maximizer: Local Search",
    "10": "Acquisition Function Maximizer: Local Search",
    "11": "Acquisition Function Maximizer: Local Search",
    "12": "Acquisition Function Maximizer: Local Search",
    "13": "Acquisition Function Maximizer: Local Search",
    "14": "Acquisition Function Maximizer: Local Search",
    "15": "Acquisition Function Maximizer: Local Search",
    "16": "Acquisition Function Maximizer: Local Search",
    "17": "Acquisition Function Maximizer: Local Search",
    "18": "Acquisition Function Maximizer: Local Search",
    "19": "Acquisition Function Maximizer: Local Search",
    "20": "Random Search"
  }
}