{
  "incumbent_ids": [
    4
  ],
  "rejected_config_ids": [
    8,
    1,
    7,
    3,
    13,
    10,
    14,
    12,
    2,
    17,
    6,
    15,
    16,
    9
  ],
  "incumbents_changed": 3,
  "trajectory": [
    {
      "config_ids": [
        1
      ],
      "costs": [
        0.6699473847106159
      ],
      "trial": 1,
      "walltime": 0.7647695541381836
    },
    {
      "config_ids": [
        10
      ],
      "costs": [
        0.05601722892809243
      ],
      "trial": 14,
      "walltime": 5.185967445373535
    },
    {
      "config_ids": [
        4
      ],
      "costs": [
        0.02671515526668729
      ],
      "trial": 28,
      "walltime": 9.271684408187866
    }
  ],
  "state": {
    "queue": [
      [
        5,
        2
      ],
      [
        19,
        2
      ],
      [
        11,
        4
      ],
      [
        18,
        4
      ]
    ]
  }
}