{
  "stats": {
    "submitted": 50,
    "finished": 50,
    "running": 0
  },
  "data": [
    [
      1,
      null,
      209652396,
      null,
      0.6699473847106159,
      0.6026918888092041,
      1,
      1706277624.222565,
      1706277624.8264945,
      {}
    ],
    [
      2,
      null,
      209652396,
      null,
      0.025597338285360594,
      3.1097147464752197,
      1,
      1706277624.2967758,
      1706277627.407669,
      {}
    ],
    [
      3,
      null,
      209652396,
      null,
      0.6583333333333333,
      2.336819648742676,
      1,
      1706277624.3608909,
      1706277626.6990438,
      {}
    ],
    [
      4,
      null,
      209652396,
      null,
      0.02560352831940571,
      2.9831438064575195,
      1,
      1706277624.415114,
      1706277627.3992622,
      {}
    ],
    [
      5,
      null,
      209652396,
      null,
      0.8992773135252243,
      14.455097913742065,
      1,
      1706277624.4994059,
      1706277638.9561086,
      {}
    ],
    [
      6,
      null,
      209652396,
      null,
      0.3678195605075827,
      4.080667018890381,
      1,
      1706277624.5847695,
      1706277628.6664875,
      {}
    ],
    [
      7,
      null,
      209652396,
      null,
      0.8992757660167131,
      1.912712574005127,
      1,
      1706277624.6662445,
      1706277626.5800583,
      {}
    ],
    [
      8,
      null,
      209652396,
      null,
      0.8241210151655834,
      0.5521142482757568,
      1,
      1706277624.7443416,
      1706277625.2985408,
      {}
    ],
    [
      9,
      null,
      209652396,
      null,
      0.0317254719900959,
      5.659100532531738,
      1,
      1706277624.910818,
      1706277630.5716987,
      {}
    ],
    [
      1,
      null,
      398764591,
      null,
      0.6861915815536985,
      0.8483016490936279,
      1,
      1706277625.409777,
      1706277626.2611463,
      {}
    ],
    [
      10,
      null,
      209652396,
      null,
      0.056199319096254974,
      0.7128767967224121,
      1,
      1706277626.3443322,
      1706277627.058281,
      {}
    ],
    [
      1,
      null,
      924231285,
      null,
      0.7017641597028783,
      0.723477840423584,
      1,
      1706277626.6957843,
      1706277627.4203732,
      {}
    ],
    [
      7,
      null,
      398764591,
      null,
      0.8987202104611576,
      1.744448184967041,
      1,
      1706277626.7947023,
      1706277628.5401833,
      {}
    ],
    [
      3,
      null,
      398764591,
      null,
      0.8458000619003405,
      1.7513632774353027,
      1,
      1706277627.1429644,
      1706277628.896084,
      {}
    ],
    [
      10,
      null,
      398764591,
      null,
      0.056761064685855844,
      0.6708414554595947,
      1,
      1706277627.5016356,
      1706277628.1742969,
      {}
    ],
    [
      2,
      null,
      398764591,
      null,
      0.03006035283194064,
      3.3852593898773193,
      1,
      1706277627.64613,
      1706277631.0330572,
      {}
    ],
    [
      4,
      null,
      398764591,
      null,
      0.027273290003095085,
      2.520305633544922,
      1,
      1706277627.740861,
      1706277630.2628653,
      {}
    ],
    [
      11,
      null,
      209652396,
      null,
      0.03840916125038696,
      7.205214738845825,
      1,
      1706277628.2559705,
      1706277635.4626877,
      {}
    ],
    [
      10,
      null,
      924231285,
      null,
      0.05509130300216647,
      0.6167201995849609,
      1,
      1706277628.640889,
      1706277629.2592533,
      {}
    ],
    [
      7,
      null,
      924231285,
      null,
      0.9009470752089137,
      1.3385493755340576,
      1,
      1706277628.76265,
      1706277630.102818,
      {}
    ],
    [
      6,
      null,
      398764591,
      null,
      0.398457134014237,
      3.8393754959106445,
      1,
      1706277628.9893534,
      1706277632.830835,
      {}
    ],
    [
      3,
      null,
      924231285,
      null,
      Infinity,
      0.0,
      2,
      1706277629.3351586,
      1706277630.2660835,
      {
        "traceback": "Traceback (most recent call last):\n  File \"/home/skrebs/Projects/Software/SMAC3/smac/runner/target_function_runner.py\", line 184, in run\n    rval = self(config_copy, target_function, kwargs)\n  File \"/home/skrebs/Projects/Software/SMAC3/smac/runner/target_function_runner.py\", line 257, in __call__\n    return algorithm(config, **algorithm_kwargs)\n  File \"/home/skrebs/Projects/Software/SMAC3/examples/2_multi_fidelity/1_mlp_epochs.py\", line 107, in train\n    score = cross_val_score(classifier, dataset.data, dataset.target, cv=cv, error_score=\"raise\")\n  File \"/home/skrebs/miniconda3/envs/SMAC/lib/python3.10/site-packages/sklearn/model_selection/_validation.py\", line 562, in cross_val_score\n    cv_results = cross_validate(\n  File \"/home/skrebs/miniconda3/envs/SMAC/lib/python3.10/site-packages/sklearn/utils/_param_validation.py\", line 211, in wrapper\n    return func(*args, **kwargs)\n  File \"/home/skrebs/miniconda3/envs/SMAC/lib/python3.10/site-packages/sklearn/model_selection/_validation.py\", line 309, in cross_validate\n    results = parallel(\n  File \"/home/skrebs/miniconda3/envs/SMAC/lib/python3.10/site-packages/sklearn/utils/parallel.py\", line 65, in __call__\n    return super().__call__(iterable_with_config)\n  File \"/home/skrebs/.local/lib/python3.10/site-packages/joblib/parallel.py\", line 1088, in __call__\n    while self.dispatch_one_batch(iterator):\n  File \"/home/skrebs/.local/lib/python3.10/site-packages/joblib/parallel.py\", line 901, in dispatch_one_batch\n    self._dispatch(tasks)\n  File \"/home/skrebs/.local/lib/python3.10/site-packages/joblib/parallel.py\", line 819, in _dispatch\n    job = self._backend.apply_async(batch, callback=cb)\n  File \"/home/skrebs/.local/lib/python3.10/site-packages/joblib/_parallel_backends.py\", line 208, in apply_async\n    result = ImmediateResult(func)\n  File \"/home/skrebs/.local/lib/python3.10/site-packages/joblib/_parallel_backends.py\", line 597, in __init__\n    self.results = batch()\n  File \"/home/skrebs/.local/lib/python3.10/site-packages/joblib/parallel.py\", line 288, in __call__\n    return [func(*args, **kwargs)\n  File \"/home/skrebs/.local/lib/python3.10/site-packages/joblib/parallel.py\", line 288, in <listcomp>\n    return [func(*args, **kwargs)\n  File \"/home/skrebs/miniconda3/envs/SMAC/lib/python3.10/site-packages/sklearn/utils/parallel.py\", line 127, in __call__\n    return self.function(*args, **kwargs)\n  File \"/home/skrebs/miniconda3/envs/SMAC/lib/python3.10/site-packages/sklearn/model_selection/_validation.py\", line 732, in _fit_and_score\n    estimator.fit(X_train, y_train, **fit_params)\n  File \"/home/skrebs/miniconda3/envs/SMAC/lib/python3.10/site-packages/sklearn/base.py\", line 1151, in wrapper\n    return fit_method(estimator, *args, **kwargs)\n  File \"/home/skrebs/miniconda3/envs/SMAC/lib/python3.10/site-packages/sklearn/neural_network/_multilayer_perceptron.py\", line 753, in fit\n    return self._fit(X, y, incremental=False)\n  File \"/home/skrebs/miniconda3/envs/SMAC/lib/python3.10/site-packages/sklearn/neural_network/_multilayer_perceptron.py\", line 496, in _fit\n    raise ValueError(\nValueError: Solver produced non-finite parameter weights. The input data may contain large values and need to be preprocessed.\n",