{
    "0": {
        "alpha": 0.5488135039273248,
        "beta": 0.6778165367962301,
        "gamma": 0.3117958819941026
    },
    "1": {
        "alpha": 0.7151893663724195,
        "beta": 0.27000797319216485,
        "gamma": 0.6963434888154595
    },
    "2": {
        "alpha": 0.6027633760716439,
        "beta": 0.7351940221225949,
        "gamma": 0.3777518392924809
    },
    "3": {
        "alpha": 0.5448831829968969,
        "beta": 0.9621885451174382,
        "gamma": 0.1796036775596348
    },
    "4": {
        "alpha": 0.4236547993389047,
        "beta": 0.24875314351995803,
        "gamma": 0.02467872839133123
    },
    "5": {
        "alpha": 0.6458941130666561,
        "beta": 0.5761573344178369,
        "gamma": 0.06724963146324858
    },
    "6": {
        "alpha": 0.4375872112626925,
        "beta": 0.592041931271839,
        "gamma": 0.6793927734985673
    },
    "7": {
        "alpha": 0.8917730007820798,
        "beta": 0.5722519057908734,
        "gamma": 0.4536968445560453
    },
    "8": {
        "alpha": 0.9636627605010293,
        "beta": 0.2230816326406183,
        "gamma": 0.5365792111087222
    },
    "9": {
        "alpha": 0.3834415188257777,
        "beta": 0.952749011516985,
        "gamma": 0.8966712930403421
    },
    "10": {
        "alpha": 0.7917250380826646,
        "beta": 0.44712537861762736,
        "gamma": 0.9903389473967044
    },
    "11": {
        "alpha": 0.5288949197529045,
        "beta": 0.8464086724711278,
        "gamma": 0.21689698439847394
    },
    "12": {
        "alpha": 0.5680445610939323,
        "beta": 0.6994792753175043,
        "gamma": 0.6630782031001008
    },
    "13": {
        "alpha": 0.925596638292661,
        "beta": 0.29743695085513366,
        "gamma": 0.26332237673715064
    },
    "14": {
        "alpha": 0.07103605819788694,
        "beta": 0.8137978197024772,
        "gamma": 0.02065099946572868
    },
    "15": {
        "alpha": 0.08712929970154071,
        "beta": 0.39650574084698464,
        "gamma": 0.7583786538361414
    },
    "16": {
        "alpha": 0.02021839744032572,
        "beta": 0.8811031971111616,
        "gamma": 0.32001715082246784
    },
    "17": {
        "alpha": 0.832619845547938,
        "beta": 0.5812728726358587,
        "gamma": 0.38346389417189797
    },
    "18": {
        "alpha": 0.7781567509498505,
        "beta": 0.8817353618548528,
        "gamma": 0.5883171135536057
    },
    "19": {
        "alpha": 0.8700121482468192,
        "beta": 0.6925315900777659,
        "gamma": 0.8310484552361904
    },
    "20": {
        "alpha": 0.978618342232764,
        "beta": 0.7252542798196405,
        "gamma": 0.6289818435911487
    },
    "21": {
        "alpha": 0.7991585642167236,
        "beta": 0.5013243819267023,
        "gamma": 0.8726506554473953
    },
    "22": {
        "alpha": 0.46147936225293185,
        "beta": 0.9560836347232239,
        "gamma": 0.27354203481563577
    },
    "23": {
        "alpha": 0.7805291762864555,
        "beta": 0.6439901992296374,
        "gamma": 0.7980468339125637
    },
    "24": {
        "alpha": 0.11827442586893322,
        "beta": 0.4238550485581797,
        "gamma": 0.1856359443059522
    },
    "25": {
        "alpha": 0.6399210213275238,
        "beta": 0.6063932141279244,
        "gamma": 0.9527916569719446
    },
    "26": {
        "alpha": 0.1433532874090464,
        "beta": 0.019193198309333526,
        "gamma": 0.6874882763878153
    },
    "27": {
        "alpha": 0.9446689170495839,
        "beta": 0.30157481667454933,
        "gamma": 0.21550767711355845
    },
    "28": {
        "alpha": 0.5218483217500717,
        "beta": 0.660173537492685,
        "gamma": 0.9473705904889242
    },
    "29": {
        "alpha": 0.4146619399905236,
        "beta": 0.29007760721044407,
        "gamma": 0.7308558067701578
    },
    "30": {
        "alpha": 0.26455561210462697,
        "beta": 0.6180154289988415,
        "gamma": 0.25394164259502583
    },
    "31": {
        "alpha": 0.7742336894342167,
        "beta": 0.42876870094576613,
        "gamma": 0.21331197736748198
    },
    "32": {
        "alpha": 0.45615033221654855,
        "beta": 0.13547406422245023,
        "gamma": 0.5182007139306632
    },
    "33": {
        "alpha": 0.5684339488686485,
        "beta": 0.29828232595603077,
        "gamma": 0.025662718054531575
    },
    "34": {
        "alpha": 0.018789800436355142,
        "beta": 0.5699649107012649,
        "gamma": 0.2074700754411094
    },
    "35": {
        "alpha": 0.6176354970758771,
        "beta": 0.5908727612481732,
        "gamma": 0.42468546875150626
    },
    "36": {
        "alpha": 0.6120957227224214,
        "beta": 0.5743252488495788,
        "gamma": 0.37416998033422555
    },
    "37": {
        "alpha": 0.6169339968747569,
        "beta": 0.6532008198571336,
        "gamma": 0.4635754243648107
    },
    "38": {
        "alpha": 0.9437480785146242,
        "beta": 0.6521032700016889,
        "gamma": 0.2776287062947319
    },
    "39": {
        "alpha": 0.6818202991034834,
        "beta": 0.43141843543397396,
        "gamma": 0.5867843464581688
    },
    "40": {
        "alpha": 0.359507900573786,
        "beta": 0.896546595851063,
        "gamma": 0.8638556059232314
    },
    "41": {
        "alpha": 0.43703195379934145,
        "beta": 0.36756187004789653,
        "gamma": 0.11753185596203308
    },
    "42": {
        "alpha": 0.6976311959272649,
        "beta": 0.4358649252656268,
        "gamma": 0.5173791071541142
    },
    "43": {
        "alpha": 0.06022547162926983,
        "beta": 0.8919233550156721,
        "gamma": 0.1320681063451533
    },
    "44": {
        "alpha": 0.6667667154456677,
        "beta": 0.8061939890460857,
        "gamma": 0.7168596811925937
    },
    "45": {
        "alpha": 0.6706378696181594,
        "beta": 0.7038885835403663,
        "gamma": 0.39605970280729375
    },
    "46": {
        "alpha": 0.2103825610738409,
        "beta": 0.10022688731230112,
        "gamma": 0.565421311858509
    },
    "47": {
        "alpha": 0.1289262976548533,
        "beta": 0.9194826137446735,
        "gamma": 0.18327983621407862
    },
    "48": {
        "alpha": 0.31542835092418386,
        "beta": 0.7142412995491114,
        "gamma": 0.14484775934337724
    },
    "49": {
        "alpha": 0.3637107709426226,
        "beta": 0.9988470065678665,
        "gamma": 0.48805628064895457
    },
    "50": {
        "alpha": 0.5701967704178796,
        "beta": 0.14944830465799375,
        "gamma": 0.3556127378499556
    },
    "51": {
        "alpha": 0.43860151346232035,
        "beta": 0.8681260573682142,
        "gamma": 0.940431945252813
    },
    "52": {
        "alpha": 0.9883738380592262,
        "beta": 0.16249293467637482,
        "gamma": 0.7653252538069653
    },
    "53": {
        "alpha": 0.10204481074802807,
        "beta": 0.6155595642838442,
        "gamma": 0.7486636198505473
    },
    "54": {
        "alpha": 0.2088767560948347,
        "beta": 0.12381998284944151,
        "gamma": 0.9037197397459334
    },
    "55": {
        "alpha": 0.16130951788499626,
        "beta": 0.8480082293222344,
        "gamma": 0.08342243544201855
    },
    "56": {
        "alpha": 0.6531083254653984,
        "beta": 0.8073189587250107,
        "gamma": 0.5521924699224066
    },
    "57": {
        "alpha": 0.2532916025397821,
        "beta": 0.5691007386145933,
        "gamma": 0.5844760689557689
    },
    "58": {
        "alpha": 0.4663107728563063,
        "beta": 0.40718329722599966,
        "gamma": 0.961936378547229
    },
    "59": {
        "alpha": 0.24442559200160274,
        "beta": 0.06916699545513805,
        "gamma": 0.29214752679254885
    },
    "60": {
        "alpha": 0.15896958364551972,
        "beta": 0.6974287731445636,
        "gamma": 0.24082877991544682
    },
    "61": {
        "alpha": 0.11037514116430513,
        "beta": 0.45354268267806885,
        "gamma": 0.10029394226549782
    },