{
  "lr": 0.03751655787285151,
  "momentum": 0.8802857225639665
}