{
  "alpha": 0.23745401188473625,
  "beta": 0.4802857225639665,
  "gamma": 0.7731993941811405
}