{
  "lr": 0.015686262180199407,
  "momentum": 0.562397808134481
}