{
    "08fff5f3": {
        "lr": 0.0375165578729,
        "momentum": 0.880285722564
    },
    "0905299c": {
        "lr": 0.073226194787,
        "momentum": 0.7394633936788
    },
    "939e3e0d": {
        "lr": 0.0156862621802,
        "momentum": 0.5623978081345
    }
}